UNITID,INSTNM,WEBADDR,group,scimago_rank,scimago_institution
166027,Harvard University,www.harvard.edu/,scimago_top,1,Harvard University *
243744,Stanford University,www.stanford.edu/,scimago_top,3,Stanford University *
162928,Johns Hopkins University,www.jhu.edu/,scimago_top,4,Johns Hopkins University *
166683,Massachusetts Institute of Technology,web.mit.edu/,scimago_top,5,Massachusetts Institute of Technology *
170976,University of Michigan-Ann Arbor,https://umich.edu/,scimago_top,6,"University of Michigan, Ann Arbor *"
236948,University of Washington-Seattle Campus,https://www.washington.edu/,scimago_top,7,University of Washington *
215062,University of Pennsylvania,www.upenn.edu/,scimago_top,8,University of Pennsylvania *
190415,Cornell University,www.cornell.edu/,scimago_top,9,Cornell University *
190150,Columbia University in the City of New York,www.columbia.edu/,scimago_top,10,Columbia University *
110662,University of California-Los Angeles,www.ucla.edu/,scimago_top,11,"University of California, Los Angeles *"
130794,Yale University,https://www.yale.edu/,scimago_top,12,Yale University *
110699,University of California-San Francisco,ucsf.edu/,scimago_top,13,"University of California, San Francisco *"
110635,University of California-Berkeley,www.berkeley.edu/,scimago_top,14,"University of California, Berkeley *"
110680,University of California-San Diego,www.ucsd.edu/,scimago_top,15,"University of California, San Diego *"
198419,Duke University,www.duke.edu/,scimago_top,16,Duke University *
144050,University of Chicago,www.uchicago.edu/,scimago_top,17,University of Chicago *
193900,New York University,https://www.nyu.edu/,scimago_top,18,New York University *
147767,Northwestern University,www.northwestern.edu/,scimago_top,19,"Northwestern University, Evanston *"
199120,University of North Carolina at Chapel Hill,https://www.unc.edu/,scimago_top,20,"University of North Carolina, Chapel Hill *"
204671,Ohio State University-Lima Campus,lima.osu.edu/,scimago_top,21,"Ohio State University, Columbus *"
174066,University of Minnesota-Twin Cities,https://twin-cities.umn.edu/,scimago_top,22,"University of Minnesota, Twin Cities *"
134130,University of Florida,https://www.ufl.edu/,scimago_top,23,University of Florida *
240444,University of Wisconsin-Madison,www.wisc.edu/,scimago_top,24,"University of Wisconsin, Madison *"
123961,University of Southern California,www.usc.edu/,scimago_top,25,University of Southern California *
110644,University of California-Davis,ucdavis.edu/,scimago_top,26,"University of California, Davis *"
214634,Pennsylvania State University-Penn State Shenango,https://shenango.psu.edu/,scimago_top,28,Pennsylvania State University *
179867,Washington University in St Louis,https://washu.edu/,scimago_top,29,Washington University in Saint Louis *
215266,University of Pittsburgh-Bradford,https://www.upb.pitt.edu/,scimago_top,30,University of Pittsburgh *
145637,University of Illinois Urbana-Champaign,www.illinois.edu/,scimago_top,31,University of Illinois at Urbana-Champaign *
139658,Emory University,www.emory.edu/,scimago_top,32,Emory University *
190424,Weill Medical College of Cornell University,https://weill.cornell.edu/,scimago_top,33,Weill Medical College of Cornell University *
228778,The University of Texas at Austin,https://www.utexas.edu/,scimago_top,34,"University of Texas, Austin"
221999,Vanderbilt University,www.vanderbilt.edu/,scimago_top,35,Vanderbilt University *
500139,Purdue University - Indianapolis,,scimago_top,36,Purdue University
139755,Georgia Institute of Technology-Main Campus,www.gatech.edu/,scimago_top,37,Georgia Institute of Technology *
164988,Boston University,www.bu.edu/,scimago_top,37,Boston University *
211440,Carnegie Mellon University,www.cmu.edu/,scimago_top,39,Carnegie Mellon University *
186371,Rutgers University-Camden,https://camden.rutgers.edu/,scimago_top,40,"Rutgers, The State University of New Jersey"
193405,Icahn School of Medicine at Mount Sinai,icahn.mssm.edu/,scimago_top,41,Icahn School of Medicine at Mount Sinai
228723,Texas A&M University-College Station,https://www.tamu.edu/,scimago_top,42,"Texas A&M University, College Station *"
230764,University of Utah,www.utah.edu/,scimago_top,43,University of Utah *
110653,University of California-Irvine,www.uci.edu/,scimago_top,44,"University of California, Irvine *"
163286,University of Maryland-College Park,www.umd.edu/,scimago_top,45,"University of Maryland, College Park *"
500476,Arizona State University - ASU California Center - Broadway,,scimago_top,46,Arizona State University *
104179,University of Arizona,https://www.arizona.edu/,scimago_top,47,University of Arizona *
171100,Michigan State University,https://www.msu.edu/,scimago_top,48,Michigan State University
186131,Princeton University,www.princeton.edu/,scimago_top,49,Princeton University
126614,University of Colorado Boulder,https://www.colorado.edu/,scimago_top,50,"University of Colorado, Denver *"
110404,California Institute of Technology,www.caltech.edu/,scimago_top,51,California Institute of Technology *
234076,University of Virginia-Main Campus,https://www.virginia.edu/,scimago_top,52,University of Virginia *
195049,The Rockefeller University,www.rockefeller.edu/,scimago_top,53,The Rockefeller University *
199193,North Carolina State University at Raleigh,www.ncsu.edu/,scimago_top,54,North Carolina State University
135726,University of Miami,www.miami.edu/,scimago_top,55,University of Miami *
223223,Baylor College of Medicine,www.bcm.edu/,scimago_top,56,Baylor College of Medicine
195030,University of Rochester,https://www.rochester.edu/,scimago_top,57,University of Rochester *
126614,University of Colorado Boulder,https://www.colorado.edu/,scimago_top,58,"University of Colorado, Anschutz Medical Campus"
126614,University of Colorado Boulder,https://www.colorado.edu/,scimago_top,58,"University of Colorado, Boulder *"
233921,Virginia Polytechnic Institute and State University,www.vt.edu/,scimago_top,60,Virginia Polytechnic Institute and State University *
145600,University of Illinois Chicago,www.uic.edu/,scimago_top,61,"University of Illinois, Chicago *"
217156,Brown University,www.brown.edu/,scimago_top,62,Brown University
228635,University of Texas Southwestern Medical Center,www.utsouthwestern.edu/,scimago_top,63,University of Texas Southwestern Medical Center
100663,University of Alabama at Birmingham,https://www.uab.edu/,scimago_top,64,"University of Alabama, Birmingham *"
153658,University of Iowa,https://uiowa.edu/,scimago_top,65,University of Iowa *
163268,University of Maryland-Baltimore County,umbc.edu/,scimago_top,66,"University of Maryland, Baltimore"
167358,Northeastern University,www.northeastern.edu/,scimago_top,67,"Northeastern University, USA"
201645,Case Western Reserve University,www.case.edu/,scimago_top,68,Case Western Reserve University
110705,University of California-Santa Barbara,www.ucsb.edu/,scimago_top,69,"University of California, Santa Barbara *"
209490,Oregon Health & Science University,www.ohsu.edu/,scimago_top,70,Oregon Health & Science University *
201885,University of Cincinnati-Main Campus,www.uc.edu/,scimago_top,71,University of Cincinnati *
215266,University of Pittsburgh-Bradford,https://www.upb.pitt.edu/,scimago_top,72,University of Pittsburgh Health Sciences
139959,University of Georgia,www.uga.edu/,scimago_top,73,University of Georgia
129020,University of Connecticut,https://uconn.edu/,scimago_top,74,"University of Connecticut, Storrs *"
166629,University of Massachusetts-Amherst,www.umass.edu/,scimago_top,75,"University of Massachusetts, Amherst"
153603,Iowa State University,https://www.iastate.edu/,scimago_top,77,Iowa State University
151351,Indiana University-Bloomington,https://bloomington.iu.edu/,scimago_top,78,Indiana University-Bloomington
216339,Temple University,www.temple.edu/,scimago_top,79,Temple University *
137351,University of South Florida,www.usf.edu/,scimago_top,80,University of South Florida
196097,Stony Brook University,https://www.stonybrook.edu/,scimago_top,81,"State University of New York, Stony Brook *"
126818,Colorado State University-Fort Collins,colostate.edu/,scimago_top,82,"Colorado State University, Fort Collins *"
131469,George Washington University,https://www.gwu.edu/,scimago_top,83,George Washington University *
221759,The University of Tennessee-Knoxville,www.utk.edu/,scimago_top,84,"University of Tennessee, Knoxville *"
227757,Rice University,www.rice.edu/,scimago_top,85,Rice University
157085,University of Kentucky,www.uky.edu/,scimago_top,86,University of Kentucky *
196088,University at Buffalo,https://www.buffalo.edu/,scimago_top,87,"State University of New York, Buffalo"
155317,University of Kansas,https://ku.edu/,scimago_top,88,University of Kansas *
190576,CUNY Graduate School and University Center,www.gc.cuny.edu/,scimago_top,89,City University of New York *
225511,University of Houston,www.uh.edu/,scimago_top,90,University of Houston
168148,Tufts University,https://www.tufts.edu/,scimago_top,91,Tufts University
234030,Virginia Commonwealth University,https://www.vcu.edu/,scimago_top,92,Virginia Commonwealth University *
110671,University of California-Riverside,www.ucr.edu/,scimago_top,93,"University of California, Riverside"
131496,Georgetown University,https://www.georgetown.edu/,scimago_top,94,Georgetown University *
166708,University of Massachusetts Chan Medical School,www.umassmed.edu/,scimago_top,95,University of Massachusetts Chan Medical School
132903,University of Central Florida,https://www.ucf.edu/,scimago_top,96,University of Central Florida
181464,University of Nebraska-Lincoln,www.unl.edu/,scimago_top,97,"University of Nebraska, Lincoln"
209542,Oregon State University,https://oregonstate.edu/,scimago_top,98,Oregon State University
174075,University of Minnesota-Crookston,https://crk.umn.edu/,scimago_top,99,University of Minnesota Health and Medicine
151111,Indiana University-Indianapolis,https://indianapolis.iu.edu/,scimago_top,100,Indiana University-Purdue University Indianapolis
182670,Dartmouth College,https://dartmouth.edu/,scimago_top,101,Dartmouth College *
172644,Wayne State University,https://wayne.edu/,scimago_top,102,Wayne State University
207500,University of Oklahoma-Norman Campus,https://www.ou.edu/,scimago_top,103,University of Oklahoma *
229300,The University of Texas Health Science Center at Houston,www.uth.edu/,scimago_top,104,"University of Texas, Health Science Center at Houston"
152080,University of Notre Dame,www.nd.edu/,scimago_top,105,University of Notre Dame
236939,Washington State University,https://wsu.edu/,scimago_top,106,"Washington State University, Pullman *"
134097,Florida State University,https://www.fsu.edu/,scimago_top,107,Florida State University *
218663,University of South Carolina-Columbia,www.sc.edu/,scimago_top,108,University of South Carolina *
178396,University of Missouri-Columbia,https://missouri.edu/,scimago_top,109,"University of Missouri, Columbia *"
228787,The University of Texas at Dallas,www.utdallas.edu/,scimago_top,110,"University of Texas, Dallas"
110714,University of California-Santa Cruz,www.ucsc.edu/,scimago_top,111,"University of California, Santa Cruz"
385415,Albert Einstein College of Medicine,www.einsteinmed.edu/,scimago_top,112,Albert Einstein College of Medicine
187958,University of New Mexico-Gallup Campus,www.gallup.unm.edu/,scimago_top,113,University of New Mexico *
199847,Wake Forest University,www.wfu.edu/,scimago_top,114,Wake Forest University *
141981,University of Hawaii-West Oahu,https://westoahu.hawaii.edu/,scimago_top,115,"University of Hawaii, Manoa *"
130943,University of Delaware,www.udel.edu/,scimago_top,116,University of Delaware
212054,Drexel University,https://drexel.edu/,scimago_top,117,Drexel University
228653,The University of Texas Medical Branch at Galveston,https://www.utmb.edu/,scimago_top,118,University of Texas Medical Branch
133951,Florida International University,www.fiu.edu/,scimago_top,119,Florida International University
232186,George Mason University,https://www.gmu.edu/,scimago_top,120,George Mason University
239169,Medical College of Wisconsin,www.mcw.edu/,scimago_top,122,Medical College of Wisconsin
218335,Medical University of South Carolina,https://web.musc.edu/,scimago_top,123,Medical University of South Carolina *
159382,Louisiana State University-Alexandria,www.lsua.edu/,scimago_top,124,"Louisiana State University, Baton Rouge"
181428,University of Nebraska Medical Center,www.unmc.edu/,scimago_top,125,University of Nebraska Medical Center
139940,Georgia State University,www.gsu.edu/,scimago_top,126,Georgia State University
216366,Thomas Jefferson University,www.jefferson.edu/,scimago_top,127,Thomas Jefferson University *
160755,Tulane University of Louisiana,https://tulane.edu/,scimago_top,128,Tulane University
238032,West Virginia University,www.wvu.edu/,scimago_top,129,West Virginia University *
228644,The University of Texas Health Science Center at San Antonio,www.uthscsa.edu/,scimago_top,130,University of Texas Health Science Center at San Antonio
194824,Rensselaer Polytechnic Institute,www.rpi.edu/,scimago_top,131,Rensselaer Polytechnic Institute
148511,Rush University,www.rushu.rush.edu/,scimago_top,132,Rush University *
190576,CUNY Graduate School and University Center,www.gc.cuny.edu/,scimago_top,133,CUNY Graduate School and University Center
186867,Stevens Institute of Technology,www.stevens.edu/,scimago_top,134,Stevens Institute of Technology
217882,Clemson University,www.clemson.edu/,scimago_top,135,Clemson University
229027,The University of Texas at San Antonio,www.utsa.edu/,scimago_top,138,"University of Texas, San Antonio"
155399,Kansas State University,www.k-state.edu/,scimago_top,139,Kansas State University
157289,University of Louisville,www.louisville.edu/,scimago_top,140,University of Louisville *
445188,University of California-Merced,ucmerced.edu/,scimago_top,141,"University of California, Merced"
230728,Utah State University,https://www.usu.edu/,scimago_top,142,Utah State University *
176017,University of Mississippi,www.olemiss.edu/,scimago_top,143,University of Mississippi *
230038,Brigham Young University,https://byu.edu/,scimago_top,144,Brigham Young University
190576,CUNY Graduate School and University Center,www.gc.cuny.edu/,scimago_top,144,"City University of New York, City College"
185828,New Jersey Institute of Technology,https://www.njit.edu/,scimago_top,146,New Jersey Institute of Technology
100858,Auburn University,www.auburn.edu/,scimago_top,147,Auburn University
228769,The University of Texas at Arlington,https://www.uta.edu/,scimago_top,148,"University of Texas, Arlington"
229115,Texas Tech University,www.ttu.edu/,scimago_top,149,Texas Tech University
231174,University of Vermont,www.uvm.edu/,scimago_top,151,University of Vermont
122409,San Diego State University,https://www.sdsu.edu/,scimago_top,152,San Diego State University
106397,University of Arkansas,https://www.uark.edu/,scimago_top,152,"University of Arkansas, Fayetteville"
196079,Binghamton University,www.binghamton.edu/,scimago_top,155,Binghamton University
182290,University of Nevada-Reno,www.unr.edu/,scimago_top,156,University of Nevada-Reno
209551,University of Oregon,https://www.uoregon.edu/,scimago_top,157,University of Oregon
176080,Mississippi State University,https://www.msstate.edu/,scimago_top,158,Mississippi State University
195003,Rochester Institute of Technology,www.rit.edu/,scimago_top,159,Rochester Institute of Technology *
179159,Saint Louis University,www.slu.edu/,scimago_top,160,"Saint Louis University, Saint Louis *"
171137,University of Michigan-Dearborn,https://umdearborn.edu/,scimago_top,162,"University of Michigan, Dearborn"
482149,Augusta University,www.augusta.edu/,scimago_top,163,Augusta University *
487010,The University of Tennessee Health Science Center,www.uthsc.edu/,scimago_top,164,University of Tennessee Health Science Center
200800,University of Akron Main Campus,www.uakron.edu/,scimago_top,165,University of Akron
145725,Illinois Institute of Technology,https://www.iit.edu/,scimago_top,166,Illinois Institute of Technology
217484,University of Rhode Island,https://web.uri.edu/,scimago_top,166,University of Rhode Island
207397,Oklahoma State University-Oklahoma City,osuokc.edu/,scimago_top,168,"Oklahoma State University, Stillwater *"
180461,Montana State University,https://www.montana.edu/,scimago_top,169,"Montana State University, Bozeman"
190576,CUNY Graduate School and University Center,www.gc.cuny.edu/,scimago_top,170,"City University of New York, Hunter College"
227216,University of North Texas,www.unt.edu/,scimago_top,171,University of North Texas
100751,The University of Alabama,www.ua.edu/,scimago_top,172,"University of Alabama, Tuscaloosa"
207342,University of Oklahoma-Health Sciences Center,ouhsc.edu/,scimago_top,173,University of Oklahoma Health Sciences Center
196149,State University of New York at Cortland,www2.cortland.edu/,scimago_top,174,"State University of New York, Albany"
163268,University of Maryland-Baltimore County,umbc.edu/,scimago_top,175,"University of Maryland, Baltimore County"
171128,Michigan Technological University,https://www.mtu.edu/,scimago_top,177,Michigan Technological University
168421,Worcester Polytechnic Institute,https://www.wpi.edu/,scimago_top,178,Worcester Polytechnic Institute
191649,Hofstra University,www.hofstra.edu/,scimago_top,179,Hofstra University *
137351,University of South Florida,www.usf.edu/,scimago_top,180,University of South Florida-Saint Petersburg
106263,University of Arkansas for Medical Sciences,https://www.uams.edu/,scimago_top,181,University of Arkansas for Medical Sciences
105330,Northern Arizona University,https://nau.edu/,scimago_top,182,Northern Arizona University
199139,University of North Carolina at Charlotte,https://www.charlotte.edu/,scimago_top,183,"University of North Carolina, Charlotte"
176017,University of Mississippi,www.olemiss.edu/,scimago_top,184,University of Mississippi Medical Center
133669,Florida Atlantic University,www.fau.edu/,scimago_top,185,Florida Atlantic University
166513,University of Massachusetts-Lowell,www.uml.edu/,scimago_top,186,"University of Massachusetts, Lowell"
178402,University of Missouri-Kansas City,https://www.umkc.edu/,scimago_top,187,"University of Missouri, Kansas City"
126775,Colorado School of Mines,www.mines.edu/,scimago_top,188,Colorado School of Mines
178411,Missouri University of Science and Technology,https://www.mst.edu/,scimago_top,190,Missouri University of Science & Technology
146719,Loyola University Chicago,https://www.luc.edu/,scimago_top,191,Loyola University Chicago *
122755,San Jose State University,www.sjsu.edu/,scimago_top,192,San Jose State University
236939,Washington State University,https://wsu.edu/,scimago_top,193,"Washington State University, Spokane Campus"
219356,South Dakota State University,https://www.sdstate.edu/,scimago_top,194,South Dakota State University
133650,Florida Agricultural and Mechanical University,www.famu.edu/,scimago_top,195,Florida Agricultural & Mechanical University *
196413,Syracuse University,https://www.syracuse.edu/,scimago_top,196,Syracuse University
223232,Baylor University,www.baylor.edu/,scimago_top,197,Baylor University
165015,Brandeis University,https://www.brandeis.edu/,scimago_top,198,Brandeis University
203517,Kent State University at Kent,www.kent.edu/,scimago_top,199,Kent State University
164924,Boston College,www.bc.edu/,scimago_top,200,Boston College
196307,Upstate Medical University,www.upstate.edu/,scimago_top,201,Upstate Medical University *
182281,University of Nevada-Las Vegas,www.unlv.edu/,scimago_top,203,University of Nevada-Las Vegas
206084,University of Toledo,www.utoledo.edu/,scimago_top,204,University of Toledo *
111948,Chapman University,https://www.chapman.edu/,scimago_top,205,Chapman University
145600,University of Illinois Chicago,www.uic.edu/,scimago_top,206,"University of Illinois, College of Medicine at Peoria"
196176,State University of New York at New Paltz,www.newpaltz.edu/,scimago_top,207,"State University of New York, New Paltz"
142285,University of Idaho,www.uidaho.edu/,scimago_top,208,University of Idaho *
228246,Southern Methodist University,https://www.smu.edu/,scimago_top,209,Southern Methodist University
160904,Xavier University of Louisiana,https://www.xula.edu/,scimago_top,210,Xavier University of Louisiana
190637,CUNY Lehman College,www.lehman.edu/,scimago_top,211,Lehman College
229337,Texas Tech University Health Sciences Center,https://www.ttuhsc.edu/,scimago_top,212,Texas Tech University Health Sciences Center
233338,Richard Bland College,www.rbc.edu/,scimago_top,213,College of William and Mary
228796,The University of Texas at El Paso,https://www.utep.edu/,scimago_top,214,"University of Texas, El Paso"
131520,Howard University,www.howard.edu/,scimago_top,215,Howard University *
200280,University of North Dakota,https://und.edu/,scimago_top,216,University of North Dakota
239105,Marquette University,www.marquette.edu/,scimago_top,217,Marquette University
214591,Pennsylvania State University-Penn State Erie-Behrend College,https://behrend.psu.edu/,scimago_top,218,Pennsylvania State University-Penn State Erie-Behrend College
190576,CUNY Graduate School and University Center,www.gc.cuny.edu/,scimago_top,219,"City University of New York, College of Staten Island"
190655,CUNY New York City College of Technology,www.citytech.cuny.edu/,scimago_top,220,New York City College of Technology
240727,University of Wyoming,https://www.uwyo.edu/,scimago_top,220,University of Wyoming
213543,Lehigh University,www.lehigh.edu/,scimago_top,222,Lehigh University
122931,Santa Clara University,www.scu.edu/,scimago_top,223,Santa Clara University
159382,Louisiana State University-Alexandria,www.lsua.edu/,scimago_top,224,"Louisiana State University, Health Sciences Center *"
200332,North Dakota State University-Main Campus,https://www.ndsu.edu/,scimago_top,225,North Dakota State University
232982,Old Dominion University,www.odu.edu/,scimago_top,226,Old Dominion University
199102,North Carolina A & T State University,www.ncat.edu/,scimago_top,228,North Carolina A&T State University
190576,CUNY Graduate School and University Center,www.gc.cuny.edu/,scimago_top,229,"City University of New York, Brooklyn College"
159993,University of Louisiana at Monroe,www.ulm.edu/,scimago_top,230,"University of Louisiana, Lafayette"
110422,California Polytechnic State University-San Luis Obispo,calpoly.edu/,scimago_top,231,"California Polytechnic State University, San Luis Obispo"
221847,Tennessee Technological University,www.tntech.edu/,scimago_top,232,Tennessee Technological University
183044,University of New Hampshire-Main Campus,https://www.unh.edu/,scimago_top,233,University of New Hampshire
209807,Portland State University,www.pdx.edu/,scimago_top,234,Portland State University
180489,The University of Montana,www.umt.edu/,scimago_top,235,"University of Montana, Missoula"
198464,East Carolina University,https://www.ecu.edu/,scimago_top,235,East Carolina University
117636,Loma Linda University,www.llu.edu/index.html,scimago_top,237,Loma Linda University *
104586,Embry-Riddle Aeronautical University-Prescott,prescott.erau.edu/,scimago_top,239,Embry-Riddle Aeronautical University *
227526,Prairie View A & M University,www.pvamu.edu/,scimago_top,240,Prairie View A&M University
188580,Albany Medical College,www.amc.edu/,scimago_top,241,Albany Medical College
436827,University of Connecticut-Avery Point,https://averypoint.uconn.edu/,scimago_top,242,"University of Connecticut, Avery Point"
240453,University of Wisconsin-Milwaukee,uwm.edu/,scimago_top,243,"University of Wisconsin, Milwaukee"
161253,University of Maine,www.umaine.edu/,scimago_top,244,"University of Maine, Orono"
174233,University of Minnesota-Duluth,https://d.umn.edu/,scimago_top,245,"University of Minnesota, Duluth"
486840,Kennesaw State University,www.kennesaw.edu/,scimago_top,246,Kennesaw State University
231970,Eastern Virginia Medical School,www.evms.edu/,scimago_top,247,Eastern Virginia Medical School
131283,The Catholic University of America,https://www.catholic.edu/,scimago_top,248,The Catholic University of America
141981,University of Hawaii-West Oahu,https://westoahu.hawaii.edu/,scimago_top,249,"University of Hawaii, Hilo"
204802,Ohio University-Eastern Campus,https://www.ohio.edu/eastern/,scimago_top,250,Ohio University
100812,Athens State University,https://www.athens.edu/,random_not_in_scimago,,
101587,University of West Alabama,www.uwa.edu/,random_not_in_scimago,,
103529,University of Alaska System of Higher Education,www.alaska.edu/,random_not_in_scimago,,
103954,Arizona Academy of Beauty,www.arizonaacademy.com/,random_not_in_scimago,,
106324,Arkansas Beauty College,https://www.arkansasbeautycollege.us/,random_not_in_scimago,,
109785,Azusa Pacific University,www.apu.edu/,random_not_in_scimago,,
110398,University of California College of the Law-San Francisco,https://www.uclawsf.edu/,random_not_in_scimago,,
112367,Clovis Adult Education,clovisadult.cusd.com/,random_not_in_scimago,,
113218,Cuyamaca College,https://www.cuyamaca.edu/,random_not_in_scimago,,
114859,Fullerton College,www.fullcoll.edu/,random_not_in_scimago,,
115746,Pacifica Graduate Institute,www.pacifica.edu/,random_not_in_scimago,,
115861,Imperial Valley College,www.imperial.edu/,random_not_in_scimago,,
116226,Interior Designers Institute,https://www.idi.edu/,random_not_in_scimago,,
122180,Sacramento City College,https://www.scc.losrios.edu/,random_not_in_scimago,,
123095,Saybrook University,https://www.saybrook.edu/,random_not_in_scimago,,
123493,Charles A Jones Career and Education Center,www.caj.scusd.edu/,random_not_in_scimago,,
126915,Technical College of the Rockies,www.tcr.edu/,random_not_in_scimago,,
127732,Northeastern Junior College,www.njc.edu/,random_not_in_scimago,,
128391,Western Colorado University,www.western.edu/,random_not_in_scimago,,
129181,Lincoln Technical Institute-East Windsor,www.lincolntech.edu/campus/east-windsor-ct,random_not_in_scimago,,
130624,United States Coast Guard Academy,https://www.uscga.edu/,random_not_in_scimago,,
132851,College of Central Florida,www.cf.edu/,random_not_in_scimago,,
133386,Daytona State College,www.daytonastate.edu/,random_not_in_scimago,,
134228,Fort Pierce Beauty Academy,fpbeauty.com/,random_not_in_scimago,,
134714,International Academy,www.intl-academy.com/,random_not_in_scimago,,
135522,Traviss Technical College,www.traviss.edu/,random_not_in_scimago,,
135717,Miami Dade College,www.mdc.edu/,random_not_in_scimago,,
136516,Polk State College,www.polk.edu/,random_not_in_scimago,,
136659,Radford M Locklin Technical College,www.locklintech.com/,random_not_in_scimago,,
136774,Ringling College of Art and Design,https://www.ringling.edu/,random_not_in_scimago,,
139621,East Georgia State College,https://www.ega.edu/,random_not_in_scimago,,
139986,Southern Crescent Technical College,www.sctech.edu/,random_not_in_scimago,,
142328,Lewis-Clark State College,https://www.lcsc.edu/,random_not_in_scimago,,
143118,Aurora University,https://aurora.edu/,random_not_in_scimago,,
144944,Elgin Community College,www.elgin.edu/,random_not_in_scimago,,
145619,Benedictine University,https://ben.edu/,random_not_in_scimago,,
146205,John A Logan College,https://www.jalc.edu/,random_not_in_scimago,,
146366,Kaskaskia College,https://www.kaskaskia.edu/,random_not_in_scimago,,
147031,Meadville Theological School of Lombard College,www.meadville.edu/,random_not_in_scimago,,
147244,Millikin University,https://millikin.edu/,random_not_in_scimago,,
147800,Oakton College,www.oakton.edu/,random_not_in_scimago,,
148876,St. Augustine College,www.staugustine.edu/,random_not_in_scimago,,
149365,South Suburban College,https://www.ssc.edu/,random_not_in_scimago,,
149514,Trinity International University-Illinois,https://www.tiu.edu/,random_not_in_scimago,,
151342,Indiana University-South Bend,https://southbend.iu.edu/,random_not_in_scimago,,
152497,Saint Elizabeth School of Nursing,https://www.steson.org/,random_not_in_scimago,,
152628,Vincennes Beauty College,vincennesbeautycollege.com/,random_not_in_scimago,,
153250,Dordt University,https://www.dordt.edu/,random_not_in_scimago,,
153278,University of Dubuque,www.dbq.edu/,random_not_in_scimago,,
153311,Eastern Iowa Community College District,www.eicc.edu/,random_not_in_scimago,,
153977,Mercy College of Health Sciences,https://www.mchs.edu/,random_not_in_scimago,,
155201,Independence Community College,www.indycc.edu/,random_not_in_scimago,,
156222,Asbury Theological Seminary,www.asburyseminary.edu/,random_not_in_scimago,,
156392,Bluegrass Community and Technical College,https://bluegrass.kctcs.edu/,random_not_in_scimago,,
157207,Lexington Theological Seminary,www.lextheo.edu/,random_not_in_scimago,,
158778,Avery James College,averyjamesschool.com/,random_not_in_scimago,,
161299,Maine Maritime Academy,https://mainemaritime.edu/,random_not_in_scimago,,
161581,Washington County Community College,www.wccc.me.edu/,random_not_in_scimago,,
163259,"University of Maryland, Baltimore",www.umaryland.edu/,random_not_in_scimago,,
167297,North Bennet Street School,www.nbss.edu/,random_not_in_scimago,,
168528,Adrian College,www.adrian.edu/,random_not_in_scimago,,
169503,David Pressley School of Cosmetology,davidpressleyschool.com/,random_not_in_scimago,,
170055,Grand Rapids Community College,https://www.grcc.edu/,random_not_in_scimago,,
170286,Hillsdale College,https://www.hillsdale.edu/,random_not_in_scimago,,
170967,Rochester University,rcu.edu/,random_not_in_scimago,,
171492,Northwood University,www.northwood.edu/,random_not_in_scimago,,
171997,Ross Medical Education Center-Warren,https://rosseducation.edu/,random_not_in_scimago,,
172635,Wayne County Community College District,https://www.wcccd.edu/,random_not_in_scimago,,
174756,St Cloud Technical and Community College,www.sctcc.edu/,random_not_in_scimago,,
176947,Central Methodist University-College of Liberal Arts and Sciences,www.centralmethodist.edu/,random_not_in_scimago,,
180814,Bellevue University,https://www.bellevue.edu/,random_not_in_scimago,,
181419,Nebraska Indian Community College,www.thenicc.edu/,random_not_in_scimago,,
183822,Bloomfield College of Montclair State University,www.bloomfield.edu/,random_not_in_scimago,,
183859,Brookdale Community College,https://www.brookdalecc.edu/,random_not_in_scimago,,
184791,Rowan College of South Jersey-Gloucester Campus,rcsj.edu/,random_not_in_scimago,,
188641,Alfred University,www.alfred.edu/,random_not_in_scimago,,
189255,Berkowits School of Electrolysis,estheticsschoolny.com/,random_not_in_scimago,,
189501,Brooklyn Law School,https://www.brooklaw.edu/,random_not_in_scimago,,
189714,Capri Cosmetology Learning Centers,caprinow.edu/,random_not_in_scimago,,
190372,The Cooper Union for the Advancement of Science and Art,https://www.cooper.edu/,random_not_in_scimago,,
190585,CUNY Hostos Community College,www.hostos.cuny.edu/,random_not_in_scimago,,
191621,Hilbert College,www.hilbert.edu/,random_not_in_scimago,,
191931,Iona University,www.iona.edu/,random_not_in_scimago,,
191986,Jamestown Community College,https://www.sunyjcc.edu/,random_not_in_scimago,,
192165,Kehilath Yakov Rabbinical Seminary,kehilathyakov.com/,random_not_in_scimago,,
192192,Keuka College,https://www.keuka.edu/,random_not_in_scimago,,
193308,Monroe University,www.monroecollege.edu/,random_not_in_scimago,,
193946,Niagara County Community College,www.niagaracc.suny.edu/,random_not_in_scimago,,
195164,St Bonaventure University,https://www.sbu.edu/,random_not_in_scimago,,
195438,Sh'or Yoshuv Rabbinical College,https://www.shoryoshuv.org/,random_not_in_scimago,,
195544,St. Joseph's University-New York,www.sjny.edu/,random_not_in_scimago,,
196024,SUNY College of Technology at Delhi,www.delhi.edu/,random_not_in_scimago,,
196291,SUNY Maritime College,www.sunymaritime.edu/,random_not_in_scimago,,
196431,Talmudical Seminary Oholei Torah,www.tsot.edu/,random_not_in_scimago,,
198215,Catawba College,www.catawba.edu/,random_not_in_scimago,,
198534,Fayetteville Technical Community College,https://www.faytechcc.edu/,random_not_in_scimago,,
198756,Johnson C Smith University,https://www.jcsu.edu/,random_not_in_scimago,,
199023,Montgomery Community College,www.montgomery.edu/,random_not_in_scimago,,
199412,Queens University of Charlotte,www.queens.edu/,random_not_in_scimago,,
199421,Randolph Community College,https://www.randolph.edu/,random_not_in_scimago,,
199722,Southeastern Community College,www.sccnc.edu/,random_not_in_scimago,,
199883,Watts College of Nursing,wattscollegeofnursing.edu/,random_not_in_scimago,,
200697,Air Force Institute of Technology-Graduate School of Engineering & Management,www.afit.edu/,random_not_in_scimago,,
204264,Muskingum University,www.muskingum.edu/,random_not_in_scimago,,
204459,Toledo Public Schools Adult and Continuing Education,www.tps.org/adult_education/barber_program,random_not_in_scimago,,
204714,Ohio State Beauty Academy,https://www.ohiostatebeauty.com/,random_not_in_scimago,,
204778,Ohio State School of Cosmetology-Canal Winchester,https://salonschools.ohiostate.edu/,random_not_in_scimago,,
204820,Ohio University-Chillicothe Campus,https://www.ohio.edu/chillicothe/,random_not_in_scimago,,
205054,Professional Skills Institute,www.proskills.edu/,random_not_in_scimago,,
205124,Rabbinical College Telshe,independentrabbinicalcolleges.org/index.html,random_not_in_scimago,,
205470,Sinclair Community College,www.sinclair.edu/,random_not_in_scimago,,
206516,Winebrenner Theological Seminary,winebrenner.edu/,random_not_in_scimago,,
207935,Tulsa Community College,www.tulsacc.edu/,random_not_in_scimago,,
209153,Phagans Medford Beauty School,www.phagans-schools.com/,random_not_in_scimago,,
209205,Northwest College-Clackamas,www.nwcollege.edu/,random_not_in_scimago,,
209241,Mount Angel Seminary,https://www.mountangelabbey.org/seminary,random_not_in_scimago,,
209409,Bushnell University,www.bushnell.edu/,random_not_in_scimago,,
213376,Lackawanna College,https://www.lackawanna.edu/,random_not_in_scimago,,
214290,New Castle School of Trades,https://www.ncstrades.edu/,random_not_in_scimago,,
214528,Orleans Technical College,https://www.orleanstech.edu/,random_not_in_scimago,,
215479,Joseph F McCloskey School of Nursing,www.lvhn.org/education/joseph-f-mccloskey-school-nursing,random_not_in_scimago,,
217907,Coker University,https://coker.edu/,random_not_in_scimago,,
218894,Trident Technical College,https://www.tridenttech.edu/,random_not_in_scimago,,
219453,Stewart School,www.stewartschool.com/,random_not_in_scimago,,
219790,Bryan College-Dayton,www.bryan.edu/,random_not_in_scimago,,
222105,William R Moore College of Technology,www.mooretech.edu/,random_not_in_scimago,,
222178,Abilene Christian University,www.acu.edu/,random_not_in_scimago,,
225371,Hill College,https://www.hillcollege.edu/,random_not_in_scimago,,
228088,Seguin Beauty School-Seguin,seguinbeautyschool.net/,random_not_in_scimago,,
228486,Southwestern Christian College,www.swcc.edu/,random_not_in_scimago,,
229018,The University of Texas Permian Basin,https://www.utpb.edu/,random_not_in_scimago,,
229504,Vernon College,www.vernoncollege.edu/,random_not_in_scimago,,
229522,Victoria Beauty & Barber College,www.victoriabeautyandbarbercollege.com/,random_not_in_scimago,,
231059,Saint Michael's College,www.smcvt.edu/,random_not_in_scimago,,
234979,Columbia Basin College,www.columbiabasin.edu/,random_not_in_scimago,,
235334,Grays Harbor College,www.ghc.edu/,random_not_in_scimago,,
236896,Walla Walla University,https://www.wallawalla.edu/,random_not_in_scimago,,
237491,Ralph R Willis Career and Technical Center,www.rrw.logancountyschoolswv.com/,random_not_in_scimago,,
237570,Morgantown Beauty College Inc,www.morgantownbeautycollege.edu/,random_not_in_scimago,,
237880,West Virginia School of Osteopathic Medicine,www.wvsom.edu/,random_not_in_scimago,,
238324,Bellin College,https://www.bellincollege.edu/,random_not_in_scimago,,
240462,University of Wisconsin-Platteville,https://www.uwplatt.edu/,random_not_in_scimago,,
241517,CEM College-San Juan,www.cemcollege.edu/cem/,random_not_in_scimago,,
241766,Puerto Rico Conservatory of Music,cmpr.edu/,random_not_in_scimago,,
243197,University of Puerto Rico-Mayaguez,https://www.uprm.edu/,random_not_in_scimago,,
243577,Universidad Politecnica de Puerto Rico,www.pupr.edu/,random_not_in_scimago,,
243647,Palau Community College,palau.edu/,random_not_in_scimago,,
243665,University of the Virgin Islands,www.uvi.edu/,random_not_in_scimago,,
245652,St. John's College,www.sjc.edu/,random_not_in_scimago,,
247162,Ecumenical Theological Seminary,www.etseminary.edu/,random_not_in_scimago,,
366368,New York Academy of Art,nyaa.edu/,random_not_in_scimago,,
368832,Thanh Le College School of Cosmetology,www.thanhlecollege.org/,random_not_in_scimago,,
369400,Universal Technical Institute-Orlando,www.uti.edu/,random_not_in_scimago,,
372028,North-West College-Glendale,www.nw.edu/,random_not_in_scimago,,
373678,New England Hair Academy,www.newenglandhairacademy.com/,random_not_in_scimago,,
377458,Centura College-Norfolk,https://www.centuracollege.edu/campuses/norfolk,random_not_in_scimago,,
382416,Greater Lowell Technical School,https://www.gltech.org/,random_not_in_scimago,,
405076,Southern Careers Institute-Corpus Christi,scitexas.edu/,random_not_in_scimago,,
407522,Pioneer Career and Technology Center,https://www.pctc.k12.oh.us/,random_not_in_scimago,,
407577,Scioto County Career Technical Center,www.sciototech.org/,random_not_in_scimago,,
407708,Paul Mitchell the School-Federal Way,https://paulmitchell.edu/federalway,random_not_in_scimago,,
408163,Pinnacle Institute of Cosmetology,pinnacleinstitute.edu/,random_not_in_scimago,,
408862,Georgia Institute of Cosmetology,gic.edu/,random_not_in_scimago,,
416801,The University of Texas MD Anderson Cancer Center,www.mdanderson.org/,random_not_in_scimago,,
417910,Veeb Nassau County School of Practical Nursing,www.veebpnprogram.org/,random_not_in_scimago,,
418560,Indiana County Technology Center,www.ictc.edu/,random_not_in_scimago,,
420130,Prism Career Institute-Cherry Hill,prismcareerinstitute.edu/,random_not_in_scimago,,
433387,Western Governors University,www.wgu.edu/,random_not_in_scimago,,
434821,Blue Cliff College-Metairie,www.bluecliffcollege.edu/,random_not_in_scimago,,
437103,Baton Rouge Community College,www.mybrcc.edu/,random_not_in_scimago,,
437556,Midwest Technical Institute-Illinois,www.midwesttech.edu/,random_not_in_scimago,,
439844,Omega Institute of Cosmetology,www.omegainstitutes.com/,random_not_in_scimago,,
439932,Shawnee Beauty College,www.shawneebeautycollege.com/,random_not_in_scimago,,
441104,Richmont Graduate University,www.richmont.edu/,random_not_in_scimago,,
442426,St Louis College of Health Careers-Fenton,www.slchc.edu/,random_not_in_scimago,,
442781,Tohono O'odham Community College,www.tocc.edu/,random_not_in_scimago,,
443711,University of North Texas System,untsystem.unt.edu/,random_not_in_scimago,,
443784,Strayer University-Pennsylvania,https://www.strayer.edu/campus-locations/pennsylvania/lower-bucks-county,random_not_in_scimago,,
444404,The Beauty Institute,thebeautyinstitute.edu/,random_not_in_scimago,,
447263,Joyce University of Nursing and Health Sciences,www.joyce.edu/,random_not_in_scimago,,
447582,New River Community and Technical College,https://www.newriver.edu/,random_not_in_scimago,,
447917,Augusta School of Massage,www.augustamassage.com/,random_not_in_scimago,,
449348,Huntsville Bible College,www.huntsvillebiblecollege.org/,random_not_in_scimago,,
450605,Empire Beauty School-North Hills,www.empire.edu/,random_not_in_scimago,,
450988,Coastline Beauty College,www.coastlinebeauty.edu/,random_not_in_scimago,,
451866,Remington College-Shreveport Campus,https://www.remingtoncollege.edu/locations/shreveport/,random_not_in_scimago,,
454227,Chamberlain University-Illinois,https://www.chamberlain.edu/,random_not_in_scimago,,
454795,Healing Hands School of Holistic Health,https://hhs.edu/,random_not_in_scimago,,
455354,Aveda Arts & Sciences Institute-San Antonio,https://avedaarts.edu/,random_not_in_scimago,,
455974,South Texas Training Center,www.southtexastraining.com/,random_not_in_scimago,,
457925,Portland Actors Conservatory,pac.edu/,random_not_in_scimago,,
458122,Institute of Advanced Medical Esthetics,www.theinstituteofadvancedmedicalesthetics.com/,random_not_in_scimago,,
458681,Fortis College-Indianapolis,https://www.fortis.edu/,random_not_in_scimago,,
459204,Unitek College,unitekcollege.edu/,random_not_in_scimago,,
459392,The Salon Professional Academy-Evansville,www.tspaevansville.com/,random_not_in_scimago,,
459967,Southern Careers Institute-Brownsville,scitexas.edu/,random_not_in_scimago,,
460109,Ross Medical Education Center-Granger,https://rosseducation.edu/,random_not_in_scimago,,
460756,Hawaii Medical College,www.hmi.edu/,random_not_in_scimago,,
460808,Integrated Massage Therapy Services,www.collegemassagetherapy.com/,random_not_in_scimago,,
460817,Miller-Motte College-Jacksonville,https://www.miller-motte.edu/,random_not_in_scimago,,
461625,American Technical Institute,www.amtec.edu/,random_not_in_scimago,,
461704,Capilo School of Hair Design,www.capilo.com/,random_not_in_scimago,,
466930,Chamberlain University-Texas,https://www.chamberlain.edu/,random_not_in_scimago,,
470393,Tricoci University of Beauty Culture-Chicago NE,www.tricociuniversity.edu/,random_not_in_scimago,,
475200,Whitworth University-Adult Degree Programs,https://www.whitworth.edu/cms/,random_not_in_scimago,,
475325,Milan Institute-Las Vegas,www.milaninstitute.edu/,random_not_in_scimago,,
476355,Miami Ad School-New York,miamiadschool.com/locations/new-york/,random_not_in_scimago,,
478582,Empire Beauty School-Savannah,www.empire.edu/,random_not_in_scimago,,
478591,Ogle School Hair Skin Nails-Denton,www.ogleschool.edu/,random_not_in_scimago,,
481094,Sotheby's Institute of Art-NY,www.sothebysinstitute.com/Programmes/PNewyork.aspx,random_not_in_scimago,,
481100,Top Nails & Hair Beauty School,www.topbeautyschoolutah.com/,random_not_in_scimago,,
481571,Belle Academy of Cosmetology LLC,www.belleacademy.com/,random_not_in_scimago,,
483045,Central Georgia Technical College,www.centralgatech.edu/,random_not_in_scimago,,
483328,Paul Mitchell the School-Lombard,paulmitchell.edu/lombard,random_not_in_scimago,,
484233,Tri-Community Adult Education,www.tri-communityadulted.org/,random_not_in_scimago,,
484604,Ogle School Hair Skin Nails-Stafford,ogleschool.edu/,random_not_in_scimago,,
485500,ABCO Technology,www.abcotechnology.edu/,random_not_in_scimago,,
485519,Lionel University,lionel.edu/,random_not_in_scimago,,
485704,River Valley School of Massage,https://www.rvsmassage.com/,random_not_in_scimago,,
486026,Yeshiva Sholom Shachna,https://yeshivasholomshachna.com/,random_not_in_scimago,,
486938,Chamberlain University-Nevada,https://www.chamberlain.edu/,random_not_in_scimago,,
487047,Unitech Training Academy-New Orleans,www.unitechta.edu/,random_not_in_scimago,,
487490,Florida Career College-Houston,https://www.floridacareercollege.edu/,random_not_in_scimago,,
488004,Central Yeshiva Beth Joseph,https://centralyeshivabethjoseph.com/,random_not_in_scimago,,
488253,Focus Personal Training Institute,www.fpti.edu/,random_not_in_scimago,,
488730,Northeast Lakeview College,www.alamo.edu/nlc,random_not_in_scimago,,
489201,Clovis Community College,www.cloviscollege.edu/,random_not_in_scimago,,
489247,American Beauty Academy-West Valley Campus,americanbeautyutah.com/,random_not_in_scimago,,
491224,Tricoci University of Beauty Culture-Janesville,www.tricociuniversity.edu/,random_not_in_scimago,,
492078,Chicago Professional Center,www.chicagoprofessionalcenter.com/,random_not_in_scimago,,
492704,Ponce Health Sciences University-Centro Universitario de San Juan,https://www.psm.edu/,random_not_in_scimago,,
493080,Institute of Culinary Education,https://www.ice.edu/losangeles,random_not_in_scimago,,
493646,Ohel Margulia Seminary,ohelmarguliaseminary.com/,random_not_in_scimago,,
494436,Fortis Institute-Cookeville,https://www.fortis.edu/,random_not_in_scimago,,
494588,Pima Medical Institute-San Antonio,https://pmi.edu/,random_not_in_scimago,,
495059,Oak Valley College,https://oakvalley.edu/,random_not_in_scimago,,
495129,Austin Career Institute,https://www.austincareerinstitute.edu/,random_not_in_scimago,,
495183,Mariano Moreno Culinary Institute,www.mmci.edu/,random_not_in_scimago,,
495262,Premiere Aesthetics Institute,www.premiereaestheticsinstitute.com/,random_not_in_scimago,,
495730,Tricoci University of Beauty Culture-Normal,https://www.tricociuniversity.edu/,random_not_in_scimago,,
496627,California Northstate University,www.cnsu.edu/,random_not_in_scimago,,
496919,United Education Institute-Las Vegas,https://www.uei.edu/,random_not_in_scimago,,
497204,Mei Barber School,https://www.meibarberschool.com/,random_not_in_scimago,,
497736,American College of Healthcare and Technology-Santa Ana,https://www.ach.edu/,random_not_in_scimago,,
498100,Galen Health Institutes-Myrtle Beach,https://galencollege.edu/campuses/myrtle-beach,random_not_in_scimago,,
498793,All In The Wrist Barber Academy,https://www.aitwbarberacademy.com/,random_not_in_scimago,,
498854,Jazz Barber and Hairstyling Academy,https://jazzhairacademy.com/,random_not_in_scimago,,
499130,Innovate Salon Academy,https://www.innovatesalonacademy.com/,random_not_in_scimago,,
500342,EDvance College,https://edvance.edu/,random_not_in_scimago,,
500494,Pivot Point Academy - Wahl Barber Academy,https://www.pivotpoint.edu/,random_not_in_scimago,,
